id,titre,amplitude,rms,dB,Peak,Score,Danger%,env,cri,cri_type,moy_danger,centroid_mean,bandwidth_mean,flatness_mean,mfcc_mean,pcen_mean,zcr_mean
1,Baby Crying Sound Effect.wav,0.0821481443732876,0.0821481443732876,-21.70793911223388,0.873748779296875,8.214814437328762,11.90580921684146,3,True,enfant,10.51,5295.607251743426,3659.894157230674,0.120705323258026,-40.0564420554932,0.1386402993936501,0.1199019359048723
2,Baby Crying Sound Effect.wav,0.082534975122011,0.082534975122011,-21.667134267427578,0.699615478515625,8.253497512201106,12.6484897904384,3,True,enfant,11.51,4594.989287543652,3624.636998267072,0.0122368484013608,-36.92028472610362,0.1452808257711567,0.1336916328306264
3,Baby Crying Sound Effect.wav,0.0959940799549532,0.0959940799549532,-20.355020506535936,0.7820587158203125,9.59940799549533,13.676826599964,3,True,enfant,11.51,4184.602732914545,3154.6080565198763,0.007044434778767,-38.22722424817218,0.126173345827634,0.1305693517981438
4,Baby Crying Sound Effect.wav,0.0964872068540485,0.0964872068540485,-20.31051528984844,0.988250732421875,9.64872068540486,11.21044209204344,3,True,enfant,11.51,4385.388004959251,3242.028621406896,0.0118353264059638,-40.34456496373885,0.1439672722714584,0.1305693517981438
5,CAA Conversion kit at ZAHAL üéØ Mepro Tru-Vision.wav,0.0153716674810145,0.0153716674810145,-36.26501533475497,0.7745361328125,1.537166748101451,78.80606130737986,3,True,adulte,78.42,5361.012181918952,4139.5533214467405,0.0204651668367957,-34.71316436485558,0.0806948835961328,0.1863761600928074
6,CAA Conversion kit at ZAHAL üéØ Mepro Tru-Vision.wav,0.0117869568537396,0.0117869568537396,-38.5712292484631,0.6329803466796875,1.1786956853739623,76.25935847523036,3,True,adulte,78.42,6296.257685597573,4268.319707688934,0.0244250526860444,-36.16260121229335,0.0832180117584869,0.2496272748694895
7,Incredible voice artist... Couldn_t tell the difference ü§£ #funny.wav,0.0731693870110455,0.0731693870110455,-22.713292958012733,0.5850830078125,7.316938701104558,15.03382399249443,3,True,adulte,17.77,3231.6525462873783,2338.084710101124,0.0151278677223287,-20.484321874236755,0.1370737234897022,0.1191179669373549
8,Incredible voice artist... Couldn_t tell the difference ü§£ #funny.wav,0.0691273607385861,0.0691273607385861,-23.206874830998053,0.8199615478515625,6.9127360738586106,20.89540594021732,3,True,adulte,17.77,2695.248800583149,2354.2366173241426,0.0006168712144825,-22.655865441802213,0.1586929201996071,0.0898924648346867
9,bebe.wav,0.0529925989919153,0.0529925989919153,-25.515531698691436,0.4525146484375,5.299259899191535,10.0082349309626,3,True,adulte,12.9,2716.326624707121,3285.543046689952,0.0429899875525258,-31.807222139563503,0.1268289281644974,0.0556765244344547
10,bebe.wav,0.069995697072149,0.069995697072149,-23.09844905033849,0.4923095703125,6.999569707214907,11.314089181034454,3,True,adulte,10.9,2577.253260768032,2974.2304136601624,0.0055086744651667,-33.95408813358952,0.1279725785741852,0.0593074789733178
11,cat.wav,0.0984953400546586,0.0984953400546586,-20.131598135955745,0.50396728515625,9.849534005465868,7.92100887735791,3,True,adulte,7.92,1506.1698315121266,2786.8168024473302,0.0327496920477451,-4.940055219192245,0.129188505155246,0.0265054016821345
12,cri_norm.wav,0.219001725565636,0.219001725565636,-13.191009603585762,1.0,21.900172556563604,71.30622098538217,3,True,,76.33,2193.599705780619,2428.536767280928,0.0116351883092361,0.7891538210489504,0.2182676272860675,0.0549967825551044
13,cri_norm.wav,0.2304720444096148,0.2304720444096148,-12.747597227501942,1.0,23.047204440961487,72.95602517177991,3,True,adulte,76.33,2292.748215073821,2311.942782600592,0.0018577404282099,-0.5824109370756864,0.2192447685007403,0.0701822161397911
14,cri_norm.wav,0.2696638209977383,0.2696638209977383,-11.383514110843036,1.0,26.966382099773835,76.00274618638929,3,True,adulte,76.33,2406.8315357688034,2379.0677831952635,6.336507411844878e-05,-0.0538739094209438,0.2195434705830956,0.0705186883700696
15,cri_norm.wav,0.2539945538062761,0.2539945538062761,-11.90347771282174,1.0,25.399455380627614,75.81617971402659,3,True,adulte,76.33,2169.071713487788,2230.2820432617696,0.0043041206906018,-0.7530838821459519,0.1709714539326019,0.0593845163863109
16,cri_norm.wav,0.2433252370018566,0.2433252370018566,-12.27622120233002,1.0,24.332523700185664,77.36876349154979,3,True,,76.33,2292.321578439925,2502.880743412522,5.960015907181196e-05,1.604906287922233,0.2054540944616633,0.0610023020591647
17,cri_norm.wav,0.1060775308107765,0.1060775308107765,-19.48745007765315,0.8280029296875,10.607753081077655,69.99973076997136,3,True,adulte,76.33,2326.1919948123245,2500.1588338413167,0.0329412298565745,-5.031570802071268,0.1505021852655469,0.0607677911107888
18,enregistrement.wav,0.0232809161020897,0.0232809161020897,-32.65962560216092,0.2938232421875,2.3280916102089755,65.0304410563106,3,True,adulte,59.03,2968.9443799876835,3474.3370513734744,0.0128928195285873,-24.76175696804337,0.1002786748700513,0.0625487148346867
19,nothink.wav,0.0007114054785828,0.0007114054785828,-62.94545498717529,0.0064697265625,0.0711405478582871,2.36738543124018,3,True,adulte,2.37,7529.969312488439,6675.164707150563,0.2020327079194191,-16.261193280481056,0.1165938562046542,0.143129848825406
20,recorded_5s.wav,0.0146410659564472,0.0146410659564472,-36.68795282322564,0.35162353515625,1.464106595644724,70.24190421503714,3,True,adulte,70.24,3158.182726530099,3556.2737690139284,0.0071971770993323,-27.53792028969036,0.050031852041775,0.0787594257540603
21,screaming in the mic... #asmr #shorts.wav,0.016871337160451,0.016871337160451,-35.45649509322777,0.34893798828125,1.6871337160451043,59.67844843171696,3,True,adulte,59.11,3838.050060118299,4129.693145728306,0.0061337822366703,-11.440765873638991,0.147553911144232,0.1146973789153132
22,screaming in the mic... #asmr #shorts.wav,0.0179147140566417,0.0179147140566417,-34.93531755439031,0.242462158203125,1.7914714056641723,56.86987239560119,3,True,adulte,59.11,3529.597457031541,3796.815117508556,0.0012022773556831,-8.91748241058567,0.1794810610733181,0.1156988652842227
23,screaming in the mic... #asmr #shorts.wav,0.0096963655623247,0.0096963655623247,-40.26692464898499,0.2294464111328125,0.9696365562324752,55.37619763021451,3,True,adulte,59.11,3279.1648223610164,4024.748393814238,0.0012520970438041,-10.63868403053571,0.1682377856838639,0.1198577526827146
24,screaming in the mic... #asmr #shorts.wav,0.0161132489143924,0.0161132489143924,-35.855798643165215,0.4063262939453125,1.611324891439247,59.88208944480979,3,True,adulte,59.11,3630.779066742347,4072.887354183851,0.0019476975164374,-14.888131456283531,0.1370254341504404,0.1228316234048723
25,screaming in the mic... #asmr #shorts.wav,0.0092414630627356,0.0092414630627356,-40.68424552796085,0.255950927734375,0.9241463062735604,56.49482088431145,3,True,adulte,59.11,3554.0677027899,4176.483414481093,0.0018653546089007,-12.6321429255934,0.1300378518065421,0.1229109266241299
26,screaming in the mic... #asmr #shorts.wav,0.0086835802328258,0.0086835802328258,-41.22502336465572,0.229766845703125,0.8683580232825857,54.253117052666845,3,True,adulte,59.11,3089.786158553489,4167.359018224956,0.0009933745800247,-11.047338735985182,0.1325641980363552,0.1104580553944315
27,screaming in the mic... #asmr #shorts.wav,0.0105235962081935,0.0105235962081935,-39.55589115054404,0.317291259765625,1.052359620819353,58.5623869815304,3,True,adulte,59.11,3699.326141564745,4415.551941183919,0.0016054180000541,-14.20191786125478,0.1254155372486255,0.1453231492894431
28,screaming in the mic... #asmr #shorts.wav,0.0097679620742444,0.0097679620742444,-40.20303152884611,0.1863250732421875,0.97679620742444,57.47047638555792,3,True,adulte,59.11,3945.787981750976,4884.286866256328,0.0015844136504555,-11.974061443653763,0.1341278455218245,0.1796671077436195
29,sing.wav,0.1159384568618107,0.1159384568618107,-18.71537476974328,0.694488525390625,11.59384568618107,12.13832132768992,3,True,adulte,10.17,2111.921954917216,2903.1759146253785,0.0233514802421699,-1.4716343682575206,0.1956291034227726,0.041142510150812
30,sing.wav,0.1097049650133971,0.1097049650133971,-19.195395160087667,0.70660400390625,10.970496501339715,10.97785051974,3,True,adulte,9.17,2097.7603864624866,2888.3868408415483,0.0001683502749812,-0.784447228188735,0.1859688720981789,0.0444823085846867
31,sing.wav,0.172917774607393,0.172917774607393,-15.243157015292931,0.710296630859375,17.291777460739308,10.07416891084199,3,True,adulte,11.17,1794.9952548353035,2513.2909599893337,7.134814787758047e-05,-2.3612113787919475,0.181316649673448,0.0407924430829466
32,sing.wav,0.1437960064456709,0.1437960064456709,-16.84500309932125,0.710479736328125,14.379600644567098,12.58167480455074,3,True,adulte,9.17,2111.6071281867094,2721.212552230066,0.000132736312157,-3.272664122543553,0.17591517885066,0.0491079520736658
33,sing2.wav,0.0544397272659271,0.0544397272659271,-25.28152163503559,0.1932373046875,5.44397272659271,10.24697816232135,3,True,adulte,10.2,1811.9220984662493,2241.052237429951,0.0403896436430293,-16.005688671085647,0.1731066759729569,0.0294169627320185
34,sing2.wav,0.0621994433109073,0.0621994433109073,-24.12413040046184,0.207061767578125,6.219944331090738,10.911520876919797,3,True,adulte,9.2,1892.2726667980328,2288.8372377226856,6.024004835794991e-05,-14.569130479349525,0.1885441782189918,0.0350259661397911
35,ÿµŸàÿ™ ÿµÿ±ÿßÿÆ.wav,0.171093710741568,0.171093710741568,-15.335268322475068,0.832244873046875,17.1093710741568,90.03285362496298,3,True,adulte,90.03,1613.149558413471,1502.7007892687022,0.2165202136711021,-26.048899760914026,0.2072852937937211,0.045414687862529
36,ŸÉŸÖ ŸÖÿ±Ÿá ÿπÿØÿ™ ÿßŸÑŸÅÿØŸäŸà ŸäŸÑŸá ŸÅŸáŸÖÿ™ üòÆüòÆüòÇü§ç‚ú® #ÿ™ÿ±ŸÜÿØ #ÿßŸÑÿπÿ±ÿßŸÇ #ÿ∂ÿ≠ŸÉ #ÿßŸÉÿ≥ÿ®ŸÑŸàÿ± #shorts #shortsvideo-.wav,0.0446135660141663,0.0446135660141663,-27.01046654468128,0.7803955078125,4.461356601416633,32.98212576314932,3,True,adulte,23.6,1924.4210548948188,2851.085977429042,0.0165604402547745,-7.211353074737133,0.1206712169060741,0.0325970218242459
37,ŸÉŸÖ ŸÖÿ±Ÿá ÿπÿØÿ™ ÿßŸÑŸÅÿØŸäŸà ŸäŸÑŸá ŸÅŸáŸÖÿ™ üòÆüòÆüòÇü§ç‚ú® #ÿ™ÿ±ŸÜÿØ #ÿßŸÑÿπÿ±ÿßŸÇ #ÿ∂ÿ≠ŸÉ #ÿßŸÉÿ≥ÿ®ŸÑŸàÿ± #shorts #shortsvideo-.wav,0.062091869824944,0.062091869824944,-24.139165347021475,0.601348876953125,6.209186982494404,23.40530961832772,3,True,adulte,20.6,1985.8631650310883,2870.49503076633,0.0003219421206637,-5.33997618421751,0.1833286275810416,0.0358155996229698
1,synth_capital_0.wav,0.1249080237694725,0.1249080237694725,-18.06812371742909,1.0,15.958580042843254,65.28491520080061,2,True,bebe,67.89,5597.990912717108,3598.6584841970366,0.0086437314964739,-46.87962719115127,0.1174250836504598,0.0733088072887467
2,synth_capital_0.wav,0.1916145155592091,0.1916145155592091,-14.351386559749496,0.7901237896519654,20.005324809641458,62.18631765824512,2,True,bebe,67.89,5954.864778242992,3832.442640800422,0.0099094233931479,-45.75321778643448,0.1550213529560301,0.0452121121479768
3,synth_capital_0.wav,0.1363890037284231,0.1363890037284231,-17.304349174921203,0.7838787286434699,14.017126640465298,54.78720463799549,2,True,bebe,67.89,5417.77934208357,3139.493860652042,0.0189517303213908,-44.15710702929564,0.2368209952651108,0.0692587980696506
4,synth_capital_0.wav,0.1528468876827223,0.1528468876827223,-16.31481117462001,1.0,19.070345427307775,71.34446965541002,2,True,bebe,67.89,4569.675619079997,3607.5448519014394,0.0041875280562786,-46.58951752625417,0.384665661176,0.0782816016537279
5,synth_capital_0.wav,0.1109227538346741,0.1109227538346741,-19.09950883271309,0.5086953744893506,6.954496507757646,45.54910792659575,2,True,bebe,67.89,5526.349539768235,3440.152493739601,0.0252636685954522,-47.55923530310442,0.1103165563345655,0.0754660201039391
6,synth_major_1.wav,0.1825044568707964,0.1825044568707964,-14.774482914183508,1.0,22.21311509257196,55.587990935298606,2,True,adulte,51.97,3040.1360423556216,2546.71027934328,0.0485096467604633,-24.454366334234187,0.3325398470083344,0.0769749470782094
7,synth_major_1.wav,0.169579995762217,0.169579995762217,-15.412456378620153,1.0,20.86017147166729,48.77168756469588,3,True,adulte,51.97,2176.985004103839,2195.982862419145,0.0169411862073999,-28.64318133268386,0.2166031869068446,0.0435674515886947
8,synth_major_1.wav,0.1213506653387178,0.1213506653387178,-18.31908518722552,0.6899521993578923,10.897793623853053,54.93668737624035,2,True,bebe,51.97,5314.044124737373,3140.924224974762,0.0046529815403087,-33.956060384919205,0.3960660809801553,0.0686122384648328
9,synth_major_1.wav,0.0511044234247204,0.0511044234247204,-25.830660181866836,0.4544598104565814,-2.0100790601070564,36.66426855552728,3,True,adulte,51.97,3413.7146876952343,2729.0071680409874,0.0046281879349704,-6.861889599421627,0.2075397185632818,0.0357934529762564
10,synth_major_1.wav,0.1746596253655116,0.1746596253655116,-15.156099784008411,1.0,21.39472013723672,48.6875308856905,2,True,adulte,51.97,2127.116700572047,2310.9823217156622,0.0367507027385651,-20.24450033919759,0.2912672414065639,0.0743606371288163
11,synth_major_1.wav,0.0739188491876603,0.0739188491876603,-22.624778556817905,0.6120087999143702,3.781250655319427,35.87192288321035,2,True,adulte,51.97,3521.570097233795,2561.2771975694964,0.0251959842218551,-6.870984601363169,0.2568198488145982,0.0513770509179274
12,synth_major_1.wav,0.0715782853986609,0.0715782853986609,-22.904252832797766,0.3,-1.225863584506012,30.551812692574263,3,True,adulte,51.97,3272.8208225275607,2314.3559810763268,0.0454707572223785,-14.742879265058916,0.1747876687446625,0.0505191461517814
13,synth_major_1.wav,0.0957596330983245,0.0957596330983245,-20.37625982717913,0.4272679399201819,3.8816598330791248,37.089819497023456,2,True,adulte,51.97,2579.502905827536,2161.2212872540044,0.0405978985986564,-2.1090704297228093,0.2900211269531271,0.0735730295093858
14,synth_worker_2.wav,0.0267913052997432,0.0267913052997432,-31.43979833262568,0.1999380190321199,-10.577524456851584,19.947472022490643,1,False,aucun,24.24,2078.6844838313013,2211.1602327460937,0.0324823440222145,11.687303993879452,0.0775129811319191,0.0382348130033553
15,synth_worker_2.wav,0.0836213289330243,0.0836213289330243,-21.55355482500258,0.6107411629250363,5.074046346016207,26.22474800077456,2,False,aucun,24.24,1013.9042610623814,1766.1209538663486,0.0229886732366022,-26.60711974809768,0.0799663418334207,0.0470092137122902
16,synth_worker_2.wav,0.0390882638818679,0.0390882638818679,-28.158850160069782,0.2186579152563191,-7.672495240640666,20.78200488652081,1,False,aucun,24.24,2406.037917790356,1545.444403568941,0.096282282199269,17.742566617676857,0.112945573956341,0.0597798804713908
17,synth_worker_2.wav,0.035635644493972,0.035635644493972,-28.96206390771873,0.1134793841938862,-9.927989631433304,12.936195335009252,3,False,aucun,24.24,2219.128667959794,1754.0185348432924,0.0285859999594245,-55.88169990000085,0.2770664714916634,0.0391649512533577
18,synth_worker_2.wav,0.0540507484249806,0.0540507484249806,-25.343805065095985,0.4285279689254422,-1.9199231246679036,25.74746278567945,2,False,aucun,24.24,1484.110543023001,2008.2033211088176,0.0245261168552475,0.9295692262974028,0.2320540871529648,0.0494226506175402
19,synth_worker_2.wav,0.0670176739684805,0.0670176739684805,-23.47608338733185,0.3805848873948806,-0.6678544652642753,20.450311640275327,3,False,aucun,24.24,1180.579540108817,2252.953743383857,0.0194653325295855,-34.33759480226114,0.0601937853886909,0.0672714354550593
20,synth_worker_2.wav,0.011492904603507,0.011492904603507,-38.79064823442821,0.0639058971462802,-17.517303291739335,11.105138016457438,3,False,aucun,24.24,1452.991550395876,1967.7591856141748,0.0694028360721441,-46.05068567960068,0.1466838365751343,0.0949383990989387
21,synth_research_3.wav,0.0406959715945232,0.0406959715945232,-27.808758139191603,0.1451774907692575,-8.471038980495077,18.355727916215105,3,False,aucun,21.15,2849.3872365571256,2316.0090300714714,0.0663384205573837,-39.36466978278755,0.254305550050304,0.0644160649279569
22,synth_research_3.wav,0.0317667061810406,0.0317667061810406,-29.96028285415344,0.1100879598907802,-10.787485534231765,20.981167671824927,1,False,aucun,21.15,2794.4315159066537,2350.6270857449954,0.0345639493138213,-9.351883418138565,0.1373023936531652,0.0780764543096191
23,synth_research_3.wav,0.0898377781838605,0.0898377781838605,-20.93072326307435,0.6198247660504536,6.019032113928475,21.71677375565225,3,False,aucun,21.15,2284.0632923085755,1126.2099474925733,0.0899568646641808,-47.069702872430895,0.2016072649148975,0.0207357641293303
24,synth_research_3.wav,0.069715159219725,0.069715159219725,-23.133330938305164,0.2109098232778907,-2.8258053824062195,18.435923909428016,1,False,aucun,21.15,1321.6161028349973,1823.1006840498792,0.0655441646907574,-4.648384184584543,0.1060673273651399,0.0769743377078028
25,synth_research_3.wav,0.0392859728343341,0.0392859728343341,-28.11502866886088,0.2644911238156552,-6.947269650448883,19.7236417378763,1,False,aucun,21.15,2299.2657980944296,2273.835115741267,0.0572625517302116,-7.390968615972532,0.0734186919570231,0.0494172642447546
26,synth_lay_4.wav,0.0987979286758167,0.0987979286758167,-20.104955293005272,0.9719802790387608,12.43106083314411,48.215004067285,3,True,adulte,47.13,2786.1954493335206,2892.046555177113,0.0399457538735407,-11.065841220082111,0.2507911279315576,0.0588451942313179
27,synth_lay_4.wav,0.0890485975596089,0.0890485975596089,-21.00736077792516,0.7421944762464954,7.753124559503565,45.6232645958559,3,True,adulte,47.13,2561.544724881712,2024.315966431454,0.0096784232909453,-10.635831122784964,0.3821375753058743,0.0776964288501293
28,synth_lay_4.wav,0.1240317400510888,0.1240317400510888,-18.129273240829733,0.5076296264646226,8.472346980641582,39.970169740790624,3,True,adulte,47.13,3856.637125175451,2428.1841483173143,0.0482173788773733,-1.0003554286899146,0.355902836640208,0.0447224446034792
29,synth_cup_5.wav,0.2202273343033713,0.2202273343033713,-13.14253611964065,1.0,26.04691868444938,59.5872443430153,2,True,enfant,61.26,3754.2391200291386,3056.8012624583503,0.0351054600370736,-21.27690451678438,0.2710183510268095,0.0348588246885384
30,synth_cup_5.wav,0.2480107700208526,0.2480107700208526,-12.11055416300688,1.0,28.785584520164768,59.07580760509965,2,True,enfant,61.26,4277.4944785456055,3377.373071927956,0.0351537713087681,-25.184627644915917,0.3107452251961328,0.0479745575609877
31,synth_cup_5.wav,0.2118722310957027,0.2118722310957027,-13.478478206209155,1.0,25.21053938455164,64.05978944953833,3,True,enfant,61.26,4800.608477870155,3413.240552556472,0.0255742984396727,-29.773152022781243,0.3394885536900326,0.0624981965388882
32,synth_cup_5.wav,0.2091585338872202,0.2091585338872202,-13.59044669336263,1.0,24.937459364296306,54.6254152080229,2,True,enfant,61.26,4006.992735277304,2875.582952639944,0.0293357269088125,-38.12036120318262,0.1107826821390226,0.053279900906623
33,synth_cup_5.wav,0.1073082504256568,0.1073082504256568,-19.387256774911016,0.8096407026123084,11.035642185781668,48.27834908179217,2,True,enfant,61.26,3545.750374908574,2537.3481887492144,0.0186493414291518,-23.547988786806837,0.1381181537955654,0.0561121630027402
34,synth_cup_5.wav,0.0931642054993686,0.0931642054993686,-20.614925075032964,0.7208433997542797,7.958324898747204,48.96150264588863,2,True,enfant,61.26,3628.021197490652,2551.6817211686075,0.0274911209588952,-29.37290736863704,0.291228970449462,0.066304566686133
35,synth_cup_5.wav,0.153260069660239,0.153260069660239,-16.291362953647695,0.9100182678821592,17.765398114227665,50.036553910880535,2,True,adulte,61.26,3590.372389537408,2270.8322512620744,0.004844362685771,-16.830857378830917,0.1076052230246372,0.0781324207338962
36,synth_cup_5.wav,0.1891948412187395,0.1891948412187395,-14.461768284223988,1.0,22.90470315538717,53.25094666871959,3,True,enfant,61.26,3759.941480106269,2656.437042671086,0.0279121065705999,-34.995142036708096,0.3143787768100187,0.0630098688358865
37,synth_fill_6.wav,0.2409730561326388,0.2409730561326388,-12.360594242688862,1.0,28.09754736926667,53.46907443019175,3,True,enfant,53.62,4331.531078767101,3111.720746234352,0.0131388184855567,-31.6079987514442,0.2067918035953785,0.0678923055232184
38,synth_fill_6.wav,0.0732145281013832,0.0732145281013832,-22.70793601447152,0.3130664827677699,-0.8008085176085515,33.07195982753056,3,True,enfant,53.62,3561.093203478455,3355.460584011007,0.0242345176252789,-25.926842812399528,0.1293502481953004,0.0545807937558416
39,synth_fill_6.wav,0.084640373982003,0.084640373982003,-21.44834590713268,0.5588896909932772,4.430402329893063,41.65430956526591,3,True,enfant,53.62,4097.75710159606,3115.8500980522167,0.0032198964788301,-27.298126982647126,0.2123837843879414,0.0612929957857118
40,synth_fill_6.wav,0.2212979682376644,0.2212979682376644,-13.10041221758982,1.0,26.153631350218248,52.231199901089504,2,True,adulte,53.62,2325.8688541628594,2070.56874740043,0.0022990542165394,-10.72742165381053,0.275732674382039,0.0770115120712478
41,synth_fill_6.wav,0.1276339852413043,0.1276339852413043,-17.880605350117918,1.0,16.27041614424539,54.75702431672832,3,True,enfant,53.62,4187.379335737275,3045.616789315935,0.0199190292522379,-21.1707038244695,0.3883571691471743,0.0752675320978031
42,synth_fill_6.wav,0.0638722601750331,0.0638722601750331,-23.89361832631824,0.3,-2.337028349156471,28.842746297875387,2,True,enfant,53.62,3527.3327384773247,2594.442960755928,0.0044882437745512,-26.339864531672863,0.1956926890881284,0.0722437655484727
43,synth_fill_6.wav,0.2128936965177871,0.2128936965177871,-13.43670314528225,1.0,25.313144148781845,56.5883858226856,2,True,enfant,53.62,3677.247241432484,3196.7371653641508,0.0439961286628255,-27.42114306440232,0.3205213131411658,0.0701740465192424
44,synth_fill_6.wav,0.0854879087559445,0.0854879087559445,-21.36180453082716,0.7269625474186163,7.062568646341234,52.922710495716736,3,True,enfant,53.62,4710.252108900896,3490.505142000673,0.0192288862038463,-31.74764646177147,0.3329238882225991,0.0470401770126509
45,synth_subject_7.wav,0.2216825503686023,0.2216825503686023,-13.08533063470546,1.0,26.19193871213546,50.92329500832539,2,True,adulte,57.79,3501.7421355829947,2754.5428740846824,0.0452250924272987,-26.906283934922023,0.2515757117343571,0.071322873305387
46,synth_subject_7.wav,0.2291046456992401,0.2291046456992401,-12.799284172928244,1.0,26.928729569475085,60.58506542206829,2,True,enfant,57.79,3516.256477220448,3405.3819764192635,0.0166463682419303,-38.17426646427733,0.3850185901152415,0.0775303573468778
47,synth_subject_7.wav,0.1763674424339598,0.1763674424339598,-15.071582409351723,1.0,21.573604190040925,52.89926638135247,3,True,enfant,57.79,3939.8161575470967,2828.664545369916,0.0378663519424463,-26.549630878459237,0.3374737131177546,0.0694809071397277
48,synth_subject_7.wav,0.1488840609405163,0.1488840609405163,-16.542977539461077,0.6469537353659369,13.34354213599982,47.64779884339283,3,True,enfant,57.79,4324.293323485604,2941.530501373377,0.0181948356150518,-22.245916344834004,0.1351201049282817,0.0371495841026417
49,synth_subject_7.wav,0.1736436126632522,0.1736436126632522,-15.20677372324242,0.7999302914778327,18.28705652360646,45.494923650623,3,True,enfant,57.79,3626.160209172496,3200.96913145912,0.0412711429052274,-38.54473987271613,0.3118726681469489,0.0340674390320949
50,synth_subject_7.wav,0.2473279157002351,0.2473279157002351,-12.134502129309595,1.0,28.71898219136401,56.61140304775032,2,True,enfant,57.79,4055.963220600336,3312.7995672575025,0.0493140521273206,-21.055028452322823,0.3260134555776825,0.0488129792765457
51,synth_subject_7.wav,0.2054293831854873,0.2054293831854873,-13.746706475343268,1.0,24.56099741716736,44.78124635991856,3,True,adulte,57.79,2848.4440184939526,2906.354385094736,0.0251386301102521,-26.66407553081546,0.1034060934302257,0.0534330320997063
52,synth_accept_8.wav,0.0206936124641264,0.0206936124641264,-33.68285403930383,0.0742410504182229,-14.072322266248452,17.14402611924061,3,False,aucun,25.7,2298.420604232127,2119.067318898135,0.0962550822989796,-13.330498792227232,0.143717644880926,0.0428569669025488
53,synth_accept_8.wav,0.0301236254667507,0.0301236254667507,-30.421566877542887,0.2354496514964598,-9.269148628984489,14.969106818618595,1,False,aucun,25.7,1024.3089493796326,2454.8182400614587,0.089223168256109,-56.54720704395391,0.1819252772715749,0.099437183689544
54,synth_accept_8.wav,0.0598468855961188,0.0598468855961188,-24.459023769030782,0.4695893465744774,-0.3979208382087211,28.570177442552968,3,False,aucun,25.7,2046.1956883402977,1944.0979572028937,0.0459995654120095,-4.34010488123063,0.2068895200210158,0.066745144953848
55,synth_accept_8.wav,0.0140901742307312,0.0140901742307312,-37.02105630434424,0.062064624161076,-16.45234485129748,15.289156837512689,2,False,aucun,25.7,2900.822968153117,2335.3956758363747,0.0623931271823521,-23.54745977714296,0.1193452957452831,0.0350496927779009
56,synth_where_9.wav,0.0418017005223447,0.0418017005223447,-27.575913223796583,0.2473941915451658,-6.732907696933223,24.132393146600045,3,False,aucun,31.04,1155.4692739299696,2461.59221149925,0.0701180096879547,18.896859558368234,0.1840240915860301,0.0447622093029062
57,synth_where_9.wav,0.0716258055298491,0.0716258055298491,-22.89848834851416,0.2731152629564297,-1.622450787522702,28.554307990367622,1,False,aucun,31.04,2821.854368987685,2233.805864384753,0.0728462313304476,15.98399306335392,0.2033537989839474,0.0534594429032495
58,synth_where_9.wav,0.0879457500550367,0.0879457500550367,-21.11560409269036,0.2837211994600107,0.7336759499579202,20.56809146504038,1,False,aucun,31.04,1052.733948994504,1564.6950503170744,0.0987403368021795,4.844266462546628,0.087604222775882,0.0675304572281708
59,synth_where_9.wav,0.0972922958033142,0.0972922958033142,-20.23834169328428,0.7015353042663821,8.187242381618733,31.409318294173,2,False,aucun,31.04,2676.657409422276,1703.0397396924554,0.0280673001211399,-26.814439812986784,0.0640938741627317,0.0891777901004042
60,synth_where_9.wav,0.0999745905957517,0.0999745905957517,-20.002120432717337,0.7981155705827985,9.968640590043448,32.87850369704026,1,False,aucun,31.04,2110.863411205255,2153.481122770766,0.0851150916770637,15.581258390594243,0.1118370254357994,0.0560435308248074
61,synth_where_9.wav,0.095864592453285,0.095864592453285,-20.366744788595923,0.5781471987956183,6.158002983899117,27.32250105872165,3,False,aucun,31.04,1457.2856110069254,2007.5510266087847,0.0364581090852512,-10.549740763368334,0.0783893980499072,0.0737258556474239
62,synth_where_9.wav,0.0795086552562075,0.0795086552562075,-21.991602591680696,0.4453134682024996,2.0445931476937496,22.433809959718875,3,False,aucun,31.04,2704.3630006370804,1827.8602581617283,0.0877887066631761,-15.124962277169097,0.1508707165530992,0.0307212182760512
63,synth_between_10.wav,0.0779623530106257,0.0779623530106257,-22.162189824464814,0.4756910201242855,2.2912586304819307,20.793112367044547,2,False,aucun,24.07,2408.1595361984478,1319.446242263366,0.0024399219011203,-49.09028195305842,0.1376468897016492,0.0671934149483706
64,synth_between_10.wav,0.0493727429821356,0.0493727429821356,-26.13007896062466,0.3713222031379224,-3.5453869946726453,26.750094027453777,2,False,aucun,24.07,1696.5109340466006,1770.9842337397165,0.0402577354498057,2.692241019291444,0.2055216750569684,0.0889890966997396
65,synth_between_10.wav,0.0232366132836134,0.0232366132836134,-32.67616960049276,0.1773636314471371,-11.818701265850247,15.972666671827064,1,False,aucun,24.07,1984.2325861590764,1387.3665824484374,0.0980232249532622,-23.269139500939097,0.1731545234982174,0.0463001288230006
66,synth_between_10.wav,0.0316131056900373,0.0316131056900373,-30.00238198277223,0.106830694117598,-10.869682124419157,10.211713019324346,1,False,aucun,24.07,1257.7594438212984,1192.0687584366588,0.0147438900922916,-47.84778451901645,0.2102186862008036,0.0345504067519315
67,synth_between_10.wav,0.090710956891541,0.090710956891541,-20.84670928200307,0.4871004402652708,4.140028514300813,19.64419312962268,2,False,aucun,24.07,2335.1154770420544,1258.4798068024447,0.0050459930103814,-44.61687849530634,0.0922337657680411,0.0422872271225566
68,synth_between_10.wav,0.017983228038135,0.017983228038135,-34.90216398534809,0.0647967960123108,-15.040471809438582,12.7774512960053,2,False,aucun,24.07,1921.557536065452,1309.500577608689,0.0508383098146308,-30.858411116153963,0.2225987071573413,0.0231449711872879
69,synth_between_10.wav,0.0665110350541817,0.0665110350541817,-23.541995278986683,0.226722494362282,-3.049277419724575,18.66796297480967,1,False,aucun,24.07,2747.1572482135543,2381.30860079772,0.0284108871665731,-55.1137632116109,0.2515503199482653,0.0798607752306926
70,synth_consumer_11.wav,0.091869864667342,0.091869864667342,-20.736443922524757,0.5716907903481877,5.5567290673478045,35.38664318627483,3,True,adulte,36.18,2969.0459703820425,2618.254771530296,0.0236642010905242,-18.932590812906827,0.324241281440127,0.0318341601445298
71,synth_consumer_11.wav,0.0742014627296097,0.0742014627296097,-22.591633610826225,0.5547326721985216,2.961290295933489,21.71775467702238,3,False,aucun,36.18,2023.354884231332,1798.1702278979735,0.045293824315522,-51.42623909281792,0.1831543166137558,0.0393976402907783
72,synth_consumer_11.wav,0.1254568326209245,0.1254568326209245,-18.0300443899994,0.5169357438843083,8.775560572938888,38.08208581696107,2,True,adulte,36.18,2644.1583311663567,2211.448006996545,0.0068683444591433,-20.17507943466256,0.3671581842219685,0.0596796226777024
73,synth_air_12.wav,0.2078342477214677,0.2078342477214677,-13.645615931265722,1.0,24.803931852084556,47.686567343013344,3,True,adulte,50.52,2173.8405761748472,2537.106541818548,0.0375265342350321,-12.394766459373628,0.2294978638689038,0.0363790151397781
74,synth_air_12.wav,0.0426774066758771,0.0426774066758771,-27.395836051488867,0.2658625839639787,-6.29578673221458,20.069598768164845,3,False,aucun,50.52,2141.556609337824,1534.145088846769,0.0609717071163318,18.92121990343837,0.1093066979339986,0.0281425978096323
75,synth_air_12.wav,0.0991915456769016,0.0991915456769016,-20.07041927728521,0.4923955853582216,5.286047795882849,30.782308294138577,3,True,adulte,50.52,2373.134048102612,2285.095168693847,0.0449415058066948,-24.79879214115736,0.1240701236984926,0.0562255694785127
76,synth_air_12.wav,0.2464757233817213,0.2464757233817213,-12.164481761746398,1.0,28.635816989664505,55.64844785465321,3,True,adulte,50.52,2795.7111980914838,2969.470433275369,0.0410365314765147,-4.034786223180593,0.1773708481134819,0.0385443793695032
77,synth_us_13.wav,0.2358751978255172,0.2358751978255172,-12.546317627779969,1.0,27.59685701215139,52.77504263007068,2,True,adulte,49.24,3143.2253789398,2279.979093660284,0.0101651436793186,-6.915212004241894,0.1971037709212731,0.0512718219308208
78,synth_us_13.wav,0.098481946483016,0.098481946483016,-20.13277932700757,0.4617839101015386,4.73892470666058,31.901505791271017,2,True,adulte,49.24,3221.240084883265,2288.630553240256,0.0085637730484359,-12.562853357321632,0.2443420305564452,0.0566294716275792
79,synth_us_13.wav,0.1173208556387841,0.1173208556387841,-18.61242153106274,0.5639012920084837,8.537977065698614,38.253082441049656,2,True,adulte,49.24,2126.7499409455354,2989.9602323899453,0.0406838478468771,-20.32938465075831,0.1763921964291291,0.0640751361111964
80,synth_herself_14.wav,0.1691277481215688,0.1691277481215688,-15.43565131470353,1.0,20.812394192373745,54.73094060505675,2,True,adulte,60.42,2823.681828294537,2348.868266542995,0.0417003509815987,-2.114125672565226,0.3895080731999538,0.0362148611742772
81,synth_herself_14.wav,0.2376680913642075,0.2376680913642075,-12.480545883550263,1.0,27.77317436736148,64.63456108867459,2,True,bebe,60.42,4599.744401050166,3741.120649290059,0.0422496100611553,-38.51053773640176,0.1419317129878868,0.0697633655929945
82,synth_herself_14.wav,0.0827311885731409,0.0827311885731409,-21.64650973642693,0.4124641825210423,1.9822029554534415,38.21149605965878,3,True,adulte,60.42,3629.149440462764,2665.1972206962,0.0185826937220516,-14.30803725692642,0.3631601622439325,0.0496222553711317
83,synth_herself_14.wav,0.1378269817140436,0.1378269817140436,-17.213252067966277,0.8630266047455188,15.36493157432314,44.77559804950761,2,True,adulte,60.42,2925.359571339213,2301.377874164142,0.0256332991145314,-7.571718594712465,0.1696638085440452,0.0749787286637284
84,synth_either_15.wav,0.0589197575002589,0.0589197575002589,-24.5946335678618,0.4438048572946718,-0.9266633244901036,26.471781019188736,3,False,aucun,25.39,2248.475991827984,1175.347061062546,0.0631430972540703,15.186569889078015,0.1337264036642715,0.0311417658130709
85,synth_either_15.wav,0.0658065480335662,0.0658065480335662,-23.634485811208773,0.3729458089665911,-0.9585319284202214,19.315655766586268,2,False,aucun,25.39,2787.785166101916,2182.8958168367963,0.0318604847117592,-47.8660096213799,0.1121222849536164,0.0795157034058141
86,synth_either_15.wav,0.0612900716384184,0.0612900716384184,-24.252055703947185,0.4175259522671621,-0.959932836892678,25.746929484914595,1,False,aucun,25.39,2753.531273523499,1513.1226230738612,0.0119525419585655,5.700584373761032,0.2616130729336295,0.0301990929865585
87,synth_either_15.wav,0.0817565829201598,0.0817565829201598,-21.749439129890224,0.3065534316615648,0.2641085435911474,22.351408160663382,2,False,aucun,25.39,1458.502790465283,2083.3788525896,0.0644736156556444,-2.397077076314048,0.223487111116775,0.0634179554678077
88,synth_either_15.wav,0.0411126394153527,0.0411126394153527,-27.720281547805357,0.1606677254936,-8.161113738270455,18.61965313017985,2,False,aucun,25.39,2816.9011226672565,1875.0876921491808,0.0467385745607691,-27.93188665890881,0.2868208349029538,0.0322681122492864
89,synth_either_15.wav,0.0555299810996019,0.0555299810996019,-25.109293070300392,0.3363601539835936,-3.066845737428137,26.668744435167078,1,False,aucun,25.39,1036.220367641681,2308.185863416227,0.0569481851753316,14.569462598688986,0.224162705969223,0.0937999504941836
90,synth_either_15.wav,0.0237285138622835,0.0237285138622835,-32.49422317841794,0.1395578733013049,-12.255462380706714,17.71732888443959,1,False,aucun,25.39,2213.430092765712,1636.196006953579,0.0935023344621324,-1.0844611500221717,0.281392128226694,0.0560671497123305
91,synth_picture_16.wav,0.2469682397924669,0.2469682397924669,-12.147142701632225,1.0,28.68388783258124,55.11869436301257,2,True,enfant,56.74,3686.9940218049,3420.8418826173724,0.0264230647991775,-22.602072758757437,0.2773826307234788,0.0499501351935065
92,synth_picture_16.wav,0.1170394483291801,0.1170394483291801,-18.633280465864736,1.0,15.046515633402048,51.89213313386927,2,True,enfant,56.74,3506.948034506904,2833.499171691144,0.0273323845439582,-32.03662612818113,0.3759566849238281,0.047317299718298
93,synth_picture_16.wav,0.1975002496219496,0.1975002496219496,-14.088603043565575,1.0,23.755718447973184,60.02512412997028,3,True,enfant,56.74,3836.907234409973,2952.4395161326934,0.0096429623388049,-37.182859592404,0.2495103318218439,0.0509462724752274
94,synth_picture_16.wav,0.1224787798233266,0.1224787798233266,-18.23871206043501,0.916573635623464,14.427550890000584,52.19916043656979,2,True,enfant,56.74,4448.396431879296,2513.0944565883337,0.0097237623766178,-26.729252559665788,0.3883210952408366,0.0374331363876556
95,synth_picture_16.wav,0.0670699336157287,0.0670699336157287,-23.46931296627264,0.669441473830137,3.672560313574037,39.89064067405935,3,True,enfant,56.74,4253.292515496863,3095.3850173200435,0.0377480630495597,-38.65847045223145,0.1629716779286757,0.0749027144720357
96,synth_picture_16.wav,0.0881375441327333,0.0881375441327333,-21.096682548349136,0.3718785643089225,2.0808407210779354,35.22407388209586,2,True,enfant,56.74,4208.100417664999,3064.8411332626165,0.0390008532180555,-38.68582721143295,0.2359866504244083,0.056219513466379
97,synth_large_17.wav,0.1301526121750651,0.1301526121750651,-17.710875486795345,0.9576423546899616,15.921406550956966,53.43406993903726,2,True,enfant,48.46,3732.860368896069,2681.928130495271,0.047359657644548,-22.76428757972965,0.2119927948839259,0.0435372336571776
98,synth_large_17.wav,0.1317468342196193,0.1317468342196193,-17.60513030700651,0.5470547688222197,9.943003116399584,42.96210092137632,2,True,enfant,48.46,3734.2288960492856,3215.9722288473977,0.0023277036326706,-26.821521161796973,0.1665916485798848,0.0415537398294035
99,synth_large_17.wav,0.0117739483978927,0.0117739483978927,-38.58081974862596,0.0414506905539991,-17.72673364417157,14.177965113675212,1,False,aucun,48.46,2599.832170746379,1267.8169930815004,0.0245800953236259,-7.780311371850026,0.0748603481898362,0.0394537752799563
100,synth_continue_18.wav,0.0870126821295657,0.0870126821295657,-21.20824906115006,0.6222363322547909,5.690435023612091,23.53065704186165,1,False,aucun,52.63,1794.3670592369097,2002.127704855969,0.0300216252958403,-43.60125636673432,0.2740839546302799,0.0210401538808588
101,synth_continue_18.wav,0.0915772510292054,0.0915772510292054,-20.764153098590143,0.380887481883887,2.6574157612996707,35.46758604079326,3,True,enfant,52.63,3772.153152634696,3083.041560969692,0.0447409138427717,-31.571508988150043,0.3452330685215323,0.0470908675848937
102,synth_continue_18.wav,0.1259384816334534,0.1259384816334534,-17.99676197170248,0.9497990191911428,15.323682832692173,56.83512572943438,3,True,enfant,52.63,3902.0954612343135,3124.148907849134,0.028050311861747,-31.81176695617519,0.230837958740595,0.0447232879770958
103,synth_continue_18.wav,0.2027211588319522,0.2027211588319522,-13.861975550809758,0.9813080674818104,24.00632594337845,55.45819741365321,3,True,enfant,52.63,4802.701963846869,2987.4311982495137,0.0401929075414184,-22.10895546211817,0.22756405134077,0.0311234654160058
104,synth_style_19.wav,0.1583268429321734,0.1583268429321734,-16.0088541009195,1.0,19.661720384114123,52.200817856420265,2,True,enfant,49.31,3886.831528149804,2639.356074072824,0.049235706854474,-23.30139526401402,0.2577070546908058,0.0385839642924151
105,synth_style_19.wav,0.0536781353094933,0.0536781353094933,-25.40388977233277,0.5091796715491499,-0.7699989881696716,36.40595416320304,2,True,enfant,49.31,3676.626624335212,3076.5164755142537,0.0281547221232738,-34.51889558625588,0.2954261165055593,0.07148709018536
106,synth_style_19.wav,0.0521991657316961,0.0521991657316961,-25.64656236284869,0.3,-4.147347922888658,39.06209264460951,3,True,enfant,49.31,4850.0279627721575,3373.890077562515,0.030425326161249,-28.051737956593836,0.2995110023638767,0.0387685639311724
107,synth_everybody_20.wav,0.1337541049784146,0.1337541049784146,-17.473792668879163,0.8424945254862098,14.600849946126733,39.59259436715944,2,True,adulte,58.59,3037.8354105656754,2046.965966775055,0.0371636472048921,-25.01149893731762,0.1248396003775379,0.0601576054733194
108,synth_everybody_20.wav,0.1278591228083953,0.1278591228083953,-17.86529765532718,0.732909258896258,12.289719880451909,62.11735299318108,2,True,bebe,58.59,5033.509074697424,3719.045905184245,0.0287538273745479,-44.057565687536496,0.2428151206597299,0.0631835582681324
109,synth_everybody_20.wav,0.19651441944205,0.19651441944205,-14.13206734690408,1.0,23.655119881911965,47.89834148594591,2,True,adulte,58.59,2062.3662701225694,2262.264044299825,0.0035198648607282,-12.147662078992354,0.2489098741603709,0.0598421424458444
110,synth_everybody_20.wav,0.2041824407491644,0.2041824407491644,-13.799589640954064,0.9473227120233624,23.64464111980656,51.8327501788324,2,True,adulte,58.59,2150.2755634716177,2728.188756203604,0.034731717424959,-15.135260513814046,0.2304482015811239,0.0423201016619553
111,synth_best_21.wav,0.2098831757937958,0.2098831757937958,-13.56040607585073,1.0,25.010451025578305,75.59620094335787,3,True,bebe,71.33,4908.217705844944,3590.230666869087,0.005487521593005,-42.78052206119946,0.3751940726386729,0.036840931545948
112,synth_best_21.wav,0.1392011545915911,0.1392011545915911,-17.127080851980814,0.7114289230499171,13.243985787085643,53.7901268060025,3,True,enfant,71.33,4312.851421067538,3372.945835876408,0.040521496245211,-25.35550227180877,0.2976350100132152,0.0646138282258926
113,synth_best_21.wav,0.0999336017718371,0.0999336017718371,-20.005682276180032,0.6931944035708058,8.389763057219046,54.75761751096529,3,True,bebe,71.33,4831.814162729404,3987.6680079966472,0.0029319137570567,-31.11881320626773,0.3116725517547065,0.0762624158707832
114,synth_scene_22.wav,0.1635890461105258,0.1635890461105258,-15.724862503610147,1.0,20.224692437037,50.30709915830656,2,True,adulte,55.95,2067.891957171598,2697.42026724684,0.0462954135734499,-21.07952977882348,0.3913174735496103,0.0772133244556717
115,synth_scene_22.wav,0.2224085301978627,0.2224085301978627,-13.05693214542674,1.0,26.26421634311565,45.02529705048223,2,True,adulte,55.95,2638.2009464865114,2828.9154741506773,0.0302172240456206,-28.889770958535223,0.1690026511863109,0.0360283442888639
116,synth_scene_22.wav,0.1892577551756279,0.1892577551756279,-14.458880414997576,1.0,22.91118020655145,52.22163012712275,2,True,adulte,55.95,3449.533543057523,2065.3563407989423,0.0274350733263915,-20.54128986508169,0.3372169494516891,0.0459376251466034
117,synth_scene_22.wav,0.2271955496472374,0.2271955496472374,-12.87196536771894,1.0,26.739661287919525,57.70953456900307,2,True,adulte,55.95,2465.918949507268,2024.400781556538,0.0020422011316689,-3.897033782972102,0.3624105018052599,0.0564468567013606
118,synth_scene_22.wav,0.209756647154733,0.209756647154733,-13.565643941898191,1.0,24.99770980142955,57.66134308168062,2,True,adulte,55.95,2701.4236309034204,2767.188288931127,0.0245139053948915,-17.942072591722734,0.2882516389655111,0.0736838557093169
119,synth_scene_22.wav,0.2036546827729036,0.2036546827729036,-13.822069338617824,1.0,24.381339952523383,48.04533529075112,2,True,adulte,55.95,2842.7140045541405,2737.582301588892,0.0064132315434383,-22.83668562695093,0.206386647292233,0.044361949582704
120,synth_scientist_23.wav,0.096721550209982,0.096721550209982,-20.289445225674825,0.4113141121693979,3.762713086502115,35.97245651151198,2,True,adulte,54.98,2035.7478694668275,2987.722389736032,0.0198320057108244,-17.16680598792413,0.3038941848079209,0.0409126943932532
121,synth_scientist_23.wav,0.2072690028831104,0.2072690028831104,-13.669270931108796,0.9402687873086908,23.850916574724792,57.54873974692583,3,True,adulte,54.98,2835.161551569857,2879.118307562165,0.0239026740512436,-1.6580393312576902,0.2840234167632123,0.0383516973046037
122,synth_scientist_23.wav,0.0963343402766886,0.0963343402766886,-20.32428728521129,0.9302420222218324,11.498233912856936,47.52367404299416,2,True,enfant,54.98,4474.469973488553,3107.736794878859,0.0123028207741701,-29.74622977966983,0.1529584096016525,0.0410243104535087
123,synth_scientist_23.wav,0.2059168947133506,0.2059168947133506,-13.726118212120165,1.0,24.610292471007973,52.75331439970643,2,True,adulte,54.98,2115.6853531267925,2969.1026301408115,0.0464598618765654,-3.486423451097231,0.3984723467939306,0.0386947624609743
124,synth_scientist_23.wav,0.2016476951408182,0.2016476951408182,-13.908091678926985,1.0,24.17776977180197,51.10754248457047,2,True,adulte,54.98,2307.7918126797103,2815.8331249906178,0.0119670631263085,-23.26678284490018,0.2610923268680241,0.0596469967420851
125,synth_heart_24.wav,0.0682973674795509,0.0682973674795509,-23.311793540745924,0.6327590718221492,3.2992787053233528,40.55045863891203,3,True,adulte,53.23,2531.200085177412,2129.514921282804,0.0478269234132579,-3.337557603930684,0.3586382851796352,0.0704758037362439
126,synth_heart_24.wav,0.1601714741218278,0.1601714741218278,-15.908242319857866,0.724282681871864,15.723836997895251,38.94687074313037,3,True,adulte,53.23,2816.9064261413973,2372.688517012314,0.0364475855707406,-22.207386487190213,0.2487627205236312,0.0340523107953823
127,synth_heart_24.wav,0.1866517527319192,0.1866517527319192,-14.579312015373183,0.8318667610927887,20.120485627258773,50.80424931322341,2,True,adulte,53.23,3702.4138280975376,2495.1465270139743,0.0300279814483163,-15.58240268020056,0.3474042897775448,0.0473904603951096
128,synth_heart_24.wav,0.1631463927991582,0.1631463927991582,-15.748397242546478,0.9139737655178738,18.887119285427524,55.86866793133406,3,True,adulte,53.23,3757.259972710316,2797.426021606928,0.0426785047256178,-10.246444960247237,0.3601882602879407,0.0654181488357517
129,synth_heart_24.wav,0.1894942923338567,0.1894942923338567,-14.448031496379873,1.0,22.9355276385186,54.86528748511365,3,True,adulte,53.23,3237.2227564303685,2752.716639557641,0.0441626672007475,-25.24184684120779,0.3615530583235696,0.0314623641517279
130,synth_heart_24.wav,0.075773973494689,0.075773973494689,-22.409484137441652,0.4554556170599728,1.6890100667538892,32.93711560060637,3,True,adulte,53.23,3487.0165125832154,2160.7598960483083,0.0417745747199293,-5.460989276428133,0.2522403201282509,0.0303192935858416
131,synth_heart_24.wav,0.1733853836751484,0.1733853836751484,-15.219700227961928,1.0,21.26098058003091,53.96790412745125,3,True,adulte,53.23,3263.6270540333367,2259.80358106416,0.0274592836060769,-10.979828907011658,0.3339536185453431,0.0353490319413479
132,synth_heart_24.wav,0.158253315735222,0.158253315735222,-16.01288875108606,1.0,19.653820883274737,48.51710228697349,3,True,adulte,53.23,2683.7443320773723,2632.621893133948,0.0060229766715432,-2.039156834699476,0.3811685461709354,0.0643942861150406
133,synth_arrive_25.wav,0.1101927133893632,0.1101927133893632,-19.1568636302271,0.9089832775240706,12.871734418896567,47.11509588651672,3,True,adulte,69.78,2134.7012029375437,2582.170460176273,0.0314248603706063,-19.623508291411294,0.1137226101437538,0.0735768403076188
134,synth_arrive_25.wav,0.2437755710571383,0.2437755710571383,-12.26016072000817,1.0,28.37196532456698,71.55099214237924,2,True,bebe,69.78,4695.129360195948,3758.2631959290234,0.0020840540249208,-49.50826167082397,0.1970830657448624,0.0544321595202332
135,synth_arrive_25.wav,0.186659075321301,0.186659075321301,-14.578971265211582,1.0,22.643240393098296,70.1870485833536,2,True,bebe,69.78,4910.439999422499,3997.1245001577113,0.0231179641921541,-41.47637395528054,0.1490871463575007,0.0697404774374964
136,synth_arrive_25.wav,0.094153922557752,0.094153922557752,-20.523139389997223,0.4231546817658525,3.618064336109344,49.26684991991221,2,True,bebe,69.78,5520.74895311207,3654.511214281136,0.0475923145502701,-44.53480946003582,0.14531736753427,0.0516167400521301
137,synth_arrive_25.wav,0.1339454633852244,0.1339454633852244,-17.46137497333765,1.0,16.984949584149128,53.18154349054414,2,True,enfant,69.78,4096.391596944191,2774.21520234867,0.0210573663094371,-20.32044704080344,0.3682297611037404,0.0414977302945543
138,synth_arrive_25.wav,0.0562268165769022,0.0562268165769022,-25.00097561133918,0.4447541726655816,-1.3310298895336832,47.85118376987476,3,True,bebe,69.78,5052.789515585642,3864.358249839637,0.0484414779678213,-40.53580186616885,0.1556576547109363,0.0734311583977805
139,synth_arrive_25.wav,0.2041843689288104,0.2041843689288104,-13.799507617277374,1.0,24.434995705666147,75.29470848795734,3,True,bebe,69.78,5641.535986414498,3626.220321631416,0.0025937827950713,-47.37510244635225,0.3762543543447061,0.0608325157260369
140,synth_arrive_25.wav,0.14630447030251,0.14630447030251,-16.69478870951289,0.6881941558997794,13.679875607941051,40.85376605024283,2,True,adulte,69.78,2250.3715844051007,2685.565287228971,0.0108257116083165,-17.090823153016117,0.2474783640224311,0.0332104468537567
141,synth_authority_26.wav,0.0342094063991587,0.0342094063991587,-29.316835332514025,0.2390483362027022,-8.335940111283776,14.836068711423776,2,False,aucun,16.77,1620.7239178471475,1682.830223622702,0.0081722418916613,-59.07035680735195,0.1481233891016712,0.0583951067773698
142,synth_authority_26.wav,0.0362496320838372,0.0362496320838372,-28.813688329098717,0.2347130846366042,-7.986177328293309,17.500353697696443,1,False,aucun,16.77,2720.244794378409,2169.7764833400247,0.048570187778525,-56.83049397213143,0.0762325446045437,0.0393636012690021
143,synth_authority_26.wav,0.0228245988611361,0.0228245988611361,-32.831556386563264,0.1254084064789093,-12.708684187207096,15.583637551018278,1,False,aucun,16.77,2236.3114686362383,2053.697455816156,0.0019673138944991,-15.228105321046868,0.131615327060998,0.0614169314707769
144,synth_authority_26.wav,0.0415564238088262,0.0415564238088262,-27.627027653620104,0.1315682837300018,-8.515475666153923,12.40005440673972,3,False,aucun,16.77,1157.1569943100417,1595.384914302394,0.0571865439778942,-49.382739676555175,0.2223662422843164,0.0840469359287266
145,synth_body_27.wav,0.0250734324033162,0.0250734324033162,-32.015377781822,0.0883296705908756,-12.676869239782562,12.772653056873748,3,False,aucun,29.14,2272.8604990872736,2059.7135897303515,0.0936850123781252,-57.47310841394864,0.0629928209128681,0.0633037068240856
146,synth_body_27.wav,0.0883872211371477,0.0883872211371477,-21.072112128692687,0.5807424613191245,5.246058546412343,33.010665089554,3,False,aucun,29.14,2603.456166139584,1509.1752888142091,0.0089313697920828,5.186009099720977,0.2737041640151319,0.0638073900922989
147,synth_body_27.wav,0.050708645606647,0.050708645606647,-25.89818849171082,0.3153007031502574,-4.162892050069786,18.30499435021812,1,False,aucun,29.14,2052.805321872226,2097.384282632998,0.0069748563150658,-53.46960143755283,0.1117758085025366,0.032763574409055
148,synth_body_27.wav,0.0297292588622239,0.0297292588622239,-30.53602618727964,0.2342465306111589,-9.375974425494515,20.154108366665422,2,False,aucun,29.14,1673.7915835422136,1273.1768735330488,0.0662120697745867,3.1758805713983307,0.1745489291132847,0.0644290840750105
149,synth_body_27.wav,0.0305609267198168,0.0305609267198168,-30.29638539891125,0.243927219144842,-9.044410274697643,15.233024767755207,1,False,aucun,29.14,2949.5863242935666,1975.488529520405,0.0683425960006978,-44.03660392566839,0.0680496022447939,0.0224522001764644
150,synth_body_27.wav,0.0516360661065384,0.0516360661065384,-25.740768825377213,0.3790790807584,-3.0533129127895275,21.199706699545096,3,False,aucun,29.14,2454.338139532616,2114.0597817999715,0.0352475642621493,-25.96053324415397,0.1427596907461507,0.0990119650988846
151,synth_mission_28.wav,0.2234062992244897,0.2234062992244897,-13.01805283200607,1.0,26.363477521956145,51.48405476385811,3,True,adulte,49.99,2877.230838379181,2725.2576604151363,0.0437977386660013,-15.399931757258914,0.3702105592033776,0.0510860463436727
152,synth_mission_28.wav,0.1684700657186724,0.1684700657186724,-15.469493537127448,1.0,20.74285848893007,53.05116779092877,2,True,adulte,49.99,2421.324378011333,2622.966583563483,0.0369225380983487,-11.053193397224383,0.1394703055381779,0.0657912482341044
153,synth_mission_28.wav,0.0859366217740484,0.0859366217740484,-21.316333381834227,0.4662285123097925,3.210190735653647,35.98848255289138,2,True,adulte,49.99,3942.790188083279,2180.97695270949,0.0251216149659537,-4.368447198912627,0.1741693223209531,0.0735374950636255
154,synth_mission_28.wav,0.152963470785938,0.152963470785938,-16.308188629852225,0.941551381176843,18.206254065601573,45.21519366177297,3,True,adulte,49.99,3185.901702869855,2163.5238725850227,0.048501203794429,-18.26755390044718,0.1774400298103383,0.0628368332270646
155,synth_mission_28.wav,0.079612581311794,0.079612581311794,-21.98025678955695,0.290933693712941,-0.2571164841408357,18.70007624009989,2,False,aucun,49.99,2939.642090157089,1680.6843120754588,0.0082761779856712,-41.11596293228288,0.0924394762718851,0.0615819158844814
156,synth_mission_28.wav,0.2157766731765218,0.2157766731765218,-13.31986988795268,1.0,25.60219891014541,52.62302713407754,3,True,adulte,49.99,2497.42854517526,2617.1449866040302,0.0091850534871465,-8.796683493436625,0.1502857648864953,0.0318335713466771
157,synth_thank_29.wav,0.182760905524361,0.182760905524361,-14.762286450453054,1.0,22.23972921672236,54.468811743405226,3,True,enfant,56.53,4766.255673453796,3305.6701529500533,0.0435452927451496,-28.29291271206496,0.1617523630110305,0.0355959809698863
158,synth_thank_29.wav,0.0614173712178629,0.0614173712178629,-24.23403409992145,0.4414077013565906,-0.5825118321828295,33.49519133002292,3,True,adulte,56.53,3873.211384589923,2039.3435406685096,0.0231577523858883,-26.3367025796992,0.3801625052583715,0.0458078052488375
159,synth_thank_29.wav,0.0583145718100784,0.0583145718100784,-24.684309231340254,0.3,-3.1769888708638554,31.40113061967548,3,True,adulte,56.53,3973.2602459176937,2965.1186964360454,0.0476387774857387,-29.85180057196771,0.2917359813446502,0.0733959147260011
160,synth_thank_29.wav,0.15311920571585,0.15311920571585,-16.29934992190909,1.0,19.09986149631346,49.76397250384122,3,True,adulte,56.53,3333.728515092209,2139.651254756313,0.0160885671379683,-29.100792303819663,0.311404228820994,0.0400926726061474
161,synth_thank_29.wav,0.2439824092214541,0.2439824092214541,-12.25279409031932,1.0,28.392195692556665,61.02941402552164,2,True,adulte,56.53,3345.2042364502527,2443.750219304571,0.0096803396829219,-3.9557323686748376,0.3077877856678493,0.0719057644824055
